OBJECTID,Route,Signing,Qualifier,Ramp,DOT ID,County Order,Factor Group,Station Start,Station End,HPMS Sample ID,Bridge ID,Railroad Crossing,NHS,Roadway Name,Roadway Number,Speed,Oneway,Region County Station,Station ID,Route ID,From Measure,To Measure,COUNT_STATS_ID,County FIPS,Station Number,Continuous Count Site ID,Functional Class,Federal Direction,Full Count,Oneway Flag,Calculation Year,AE_Flag,AADT,DHV,DDHV,Single Unit AADT,Combination Unit AADT,Most Recent Count Year,Most Recent AADT,K-Factor,D-Factor,2nd Most Recent Count Year,2nd Most Recent AADT,3rd Most Recent Count Year,3rd Most Recent AADT,4th Most Recent Count Year,4th Most Recent AADT,Class Count Year,Class F3 - F13 %,Truck or Heavy Vehicle %,Single Unit Truck or Bus %,Combination Truck %,Motorcycle %,Passenger Vehicle %,Light Duty Truck %,Bus %,Single Unit Truck %,Axle Factor,Single Unit Peak %,CU_Peak,Class Group Year,Speed Count Year,Speed Limit,Average Speed,50th Percentile Speed,85th Percentile Speed,Vehicles Exceeding 55 mph,Vehicles Exceeding 65 mph,Average K-Factor,Average D-Factor,NYS Direction Code,Truck AADT,Symbolized Truck Percentage AADT,Truck AADT Type (Actual vs. Estimated),Truck Percent Source Field Name,Region Name,Region Number,County Number,Morning Highest Value,Afternoon Highest Value,Evening Highest Value
44551038, , ,1, ,138851,1,30,E SENECA ST,E COURT ST, , , , ,N AURORA ST, ,30,Y,,364001,138851011,0.7,0.85,45294550,109,4001,,16,Combined Total,Y,Y,2019,F,5137,523,523,180,31,2017,5164,10,100,2011,5675,,,,,,,,,,,,,,,,,,2019,,,,,,,,13.07251072,59.18663025,0,211,4,Estimated,,,,,336,352,365
44554348, ,5,1, ,137775,1,40,CR 120/PINE TREE RD,ITHACA TL,2002925, , , ,ELLIS HOLLOW RD,CR110,45, ,,361004,137775011,0.53,1.38,45294524,109,1004,,17,Combined Total,Y,,2019,F,4162,415,290,214,19,2017,4185,10,70,2009,4196,2006,4645,2002,4547,2009,,6,5,0,,,,,,,0,0,2019,,,,,,,,11.33219433,58.65974808,0,233,6,Actual,,,,,267,294,386
44555297, , ,1, ,138933,1,30,AURORA ST,HUDSON ST, , , , ,HILLVIEW PL, ,0, ,,364021,138933011,0.15,0.28,45205577,109,4021,,19,Combined Total,Y,,2019,F,802,69,48,35,8,2010,907,9,70,,,,,,,,,,,,,,,,,,,,2019,,,,,,,,13.07251072,59.18663025,0,43,5,Estimated,,,,,72,61,86
44557299, , ,1, ,138861,1,30,AURORA ST,EDDY ST, , , , ,BUFFALO ST, ,30, ,,364005,138861011,0.64,1.07,45323379,109,4005,,16,Combined Total,Y,,2019,F,5408,503,269,36,1,2018,5422,9,54,2015,4985,2009,6205,,,2015,9,1,1,0,1,90,8,0,1,1,0,0,2019,2015,30,25,27,32,0,0,13.07251072,59.18663025,0,37,1,Actual,,,,,182,294,329
44558229, , ,1, ,138939,1,30,CODDINGTON RD,PROSPECT ST, , , , ,HUDSON ST, ,30, ,,368513,138939011,0,0.62,45267334,109,8513,,17,Combined Total,Y,,2019,A,5584,528,305,153,0,2019,5584,9,58,2016,5518,2010,3940,2005,5496,2019,13,3,3,0,0,87,10,1,1,1,0,0,2019,2019,30,18,21,28,0,0,13.07251072,59.18663025,0,153,3,Actual,,,,,294,272,421
44558857,79,3,1, ,100481,5,40,ACC RTS 89 & 96,FLORAL AVE,2001908,2210660, , ,W STATE ST, ,30, ,,360474,138996011,0.08,0.13,45218644,109,0474,,16,Combined Total,Y,,2019,F,16115,1523,898,736,110,2014,16330,9,59,2009,15857,2006,18809,2002,15511,2009,,5,5,1,,,,,,,0,0,2019,,,,,,,,11.33219433,58.65974808,0,846,5,Actual,,,,,1133,1066,1341
44558858,79,3,1, ,100481,5,40,ACC RTS 89 & 96,FLORAL AVE,2001908,2210660, , ,W STATE ST, ,30, ,,360474,300483011,0.73,0.87,45218644,109,0474,,16,Combined Total,Y,,2019,F,16115,1523,898,736,110,2014,16330,9,59,2009,15857,2006,18809,2002,15511,2009,,5,5,1,,,,,,,0,0,2019,,,,,,,,11.33219433,58.65974808,0,846,5,Actual,,,,,1133,1066,1341
44558859,79,3,1, ,100481,5,40,ACC RTS 89 & 96,FLORAL AVE,2001908,2210660, , ,W STATE ST, ,30, ,,360474,100481051,13.26,13.45,45218644,109,0474,,16,Combined Total,Y,,2019,F,16115,1523,898,736,110,2014,16330,9,59,2009,15857,2006,18809,2002,15511,2009,,5,5,1,,,,,,,0,0,2019,,,,,,,,11.33219433,58.65974808,0,846,5,Actual,,,,,1133,1066,1341
44559413, , ,1, ,138861,1,30,MEADOW ST,N PLAIN ST, , , , ,BUFFALO ST, ,30, ,,364002,138861011,0,0.23,45239244,109,4002,,16,Combined Total,Y,,2019,A,5400,464,264,111,1,2019,5400,9,57,2015,5295,2009,5447,,,2015,16,2,2,0,0,84,14,0,2,1,0,0,2019,2015,30,16,18,24,0,0,13.07251072,59.18663025,0,112,2,Actual,,,,,294,351,420
44560788,13A,3,1, ,100060,1,30,CITY OF ITHACA,RT 79 END RT 13A,2000749, , , ,FLORAL AVE, ,30, ,,360470,138917011,0,0.94,45323301,109,0470,,16,Combined Total,Y,,2019,F,5801,563,422,405,20,2018,5816,10,75,2014,5435,2009,5459,2005,5301,2018,25,7,7,0,0,74,18,2,5,1,1,0,2019,2018,30,32,33,37,0,0,13.07251072,59.18663025,0,425,7,Actual,,,,,398,398,576
44560789,13A,3,1, ,100060,1,30,CITY OF ITHACA,RT 79 END RT 13A,2000749, , , ,FLORAL AVE, ,30, ,,360470,100060011,1.14,2.08,45323301,109,0470,,16,Combined Total,Y,,2019,F,5801,563,422,405,20,2018,5816,10,75,2014,5435,2009,5459,2005,5301,2018,25,7,7,0,0,74,18,2,5,1,1,0,2019,2018,30,32,33,37,0,0,13.07251072,59.18663025,0,425,7,Actual,,,,,398,398,576
44563890,89,3,1, ,100499,1,40,END 89/96 OLAP,ITHACA CL / ITHACA TL,2002056,1077240, , ,TAUGHANNOCK N, ,30, ,,360036,100499011,0.21,1.62,45294497,109,0036,,17,Combined Total,Y,,2019,F,6347,582,344,191,71,2017,6382,9,59,2010,5186,2007,6366,2004,5200,2017,19,4,3,1,0,81,15,1,2,1,0,0,2019,2017,30,34,35,39,0,0,11.33219433,58.65974808,0,262,4,Actual,,,,,517,543,658
44565447, , ,1, ,138883,1,30,HUDSON ST,SIX MILE CREEK, , , , ,COLUMBIA ST, ,30, ,,364009,138883011,0.23,0.37,45267019,109,4009,,17,Combined Total,Y,,2019,A,2878,309,179,97,13,2019,2878,11,58,2016,2295,2010,1569,,,,,,,,,,,,,,,,2019,,,,,,,,13.07251072,59.18663025,0,110,4,Estimated,,,,,138,158,262
44565588, , ,1, ,263330,1,30,S MEADOW ST,S PLAIN ST, , , , ,ELMIRA RD, ,30, ,,368611,263330011,0,0.3,45267349,109,8611,,16,Combined Total,Y,,2019,A,12822,1165,696,315,9,2019,12822,9,60,2016,10547,2010,7690,,,2019,15,3,2,0,0,85,12,1,2,1,0,0,2019,2019,30,29,30,34,0,0,13.07251072,59.18663025,0,324,3,Actual,,,,,593,981,1078
44566067, , ,1, ,263330,1,30,S PLAIN ST,S ALBANY ST, , , , ,ELMIRA RD, ,30, ,,364045,263330011,0.3,0.43,45267079,109,4045,,16,Combined Total,Y,,2019,A,11756,1080,653,282,13,2019,11756,9,60,2016,9935,2010,7501,,,2019,15,3,2,0,0,85,12,0,2,1,0,0,2019,2019,30,27,28,33,0,0,13.07251072,59.18663025,0,295,3,Actual,,,,,528,874,992
44568476, , ,1, ,138981,1,30,ELMIRA RD,N TITUS AVE, ,2210410, , ,S PLAIN ST, ,0, ,,366014,138981011,0,0.25,45218659,109,6014,,16,Combined Total,Y,,2019,A,1518,156,83,38,0,2019,1518,10,54,2014,1798,2011,1536,2008,1630,2014,13,3,3,0,1,86,10,0,2,1,0,0,2019,2014,30,13,10,17,0,0,13.07251072,59.18663025,0,38,3,Actual,,,,,88,142,168
44568776, , ,1, ,138896,1,30,COLLEGE AVE,MAPLE AVE, , , , ,DRYDEN RD, ,30, ,,364015,138896011,0.13,0.53,45267028,109,4015,,16,Combined Total,Y,,2019,A,3215,253,139,84,7,2019,3215,8,55,2016,1010,2010,3131,,,2019,11,3,3,0,1,88,8,0,2,1,0,0,2019,2019,30,19,22,27,0,0,13.07251072,59.18663025,0,91,3,Actual,,,,,261,255,276
44569751, , ,1, ,138981,1,30,GREEN ST,BUFFALO ST, , , , ,S PLAIN ST, ,0, ,,364028,138981011,0.54,0.73,45267040,109,4028,,16,Combined Total,Y,,2019,A,2546,300,209,72,0,2019,2546,12,70,2016,1811,2010,2259,,,2019,13,3,3,0,2,85,10,1,2,1,0,0,2019,2019,25,14,12,20,0,0,13.07251072,59.18663025,0,72,3,Actual,,,,,137,182,199
44576109, , ,1, ,138870,1,30,FARM ST,E JAY ST, , , , ,N CAYUGA ST, ,30, ,,368610,138870011,0.88,1.34,45267346,109,8610,,16,Combined Total,Y,,2019,A,6153,696,403,268,1,2019,6153,11,58,2016,6233,2010,4227,,,2016,14,4,4,0,1,86,9,2,2,1,0,0,2019,2016,30,22,24,29,0,0,13.07251072,59.18663025,0,269,4,Actual,,,,,357,385,438
44576947, , ,1, ,139013,1,30,CASCADILLA ST,END, , ,362088Y, ,THIRD ST, ,0, ,,367014,139013011,0,0.64,45267256,109,7014,,19,Combined Total,Y,,2019,F,610,64,40,91,0,2016,635,10,63,2010,813,2009,968,2003,873,2016,39,15,15,0,0,61,24,0,15,1,1,0,2019,2016,30,15,15,23,0,0,13.07251072,59.18663025,0,91,15,Actual,,,,,49,53,85
44577473, ,5,1, ,137783,1,30,E KING RD,ITHACA CITY LN, , , , ,CODDINGTON RD,CR119,45, ,,368824,137783011,8.04,10.23,45267358,109,8824,,17,Combined Total,Y,,2019,A,1287,126,83,27,2,2019,1287,10,66,2016,1411,2013,1492,2010,1246,2010,22,2,2,0,1,77,20,0,2,1,0,0,2019,2010,40,44,46,51,4,0,13.07251072,59.18663025,0,29,2,Actual,,,,,118,76,134
44580976,96,3,1, ,100760,2,30,END 89/96 OLAP,ITHACA CL / ITHACA TL,6933021,1077230, , ,CLIFF ST, ,30, ,,360031,138878011,0,1.02,45294491,109,0031,,16,Combined Total,Y,,2019,F,13719,1245,695,455,132,2017,13792,9,56,2009,13540,2002,13081,,,2017,19,4,3,1,0,81,15,1,3,1,0,0,2019,2017,30,34,35,39,0,0,13.07251072,59.18663025,0,587,4,Actual,,,,,899,774,1043
44580977,96,3,1, ,100760,2,30,END 89/96 OLAP,ITHACA CL / ITHACA TL,6933021,1077230, , ,CLIFF ST, ,30, ,,360031,100760021,12.89,14.08,45294491,109,0031,,16,Combined Total,Y,,2019,F,13719,1245,695,455,132,2017,13792,9,56,2009,13540,2002,13081,,,2017,19,4,3,1,0,81,15,1,3,1,0,0,2019,2017,30,34,35,39,0,0,13.07251072,59.18663025,0,587,4,Actual,,,,,899,774,1043
44581666, , ,1, ,138867,1,30,FULTON ST,CAYUGA ST, , , , ,CASCADILLA ST, ,30, ,,368602,138867011,0.07,0.62,45267341,109,8602,,17,Combined Total,Y,,2019,A,2745,269,139,96,2,2019,2745,10,52,2016,2272,2010,2577,,,2010,16,4,4,0,1,83,13,1,3,1,0,0,2019,2010,30,19,22,27,0,0,13.07251072,59.18663025,0,98,4,Actual,,,,,164,215,263
44583082, , ,1, ,139006,1,30,SPENCER RD,ITHACA C/L, , , , ,STONE QUARRY RD, ,30, ,,364039,139006011,0,0.2,45267062,109,4039,,17,Combined Total,Y,,2019,F,4493,431,288,152,21,2016,4530,10,67,2010,5928,,,,,,,,,,,,,,,,,,2019,,,,,,,,13.07251072,59.18663025,0,173,4,Estimated,,,,,218,272,325
44585302, , ,1, ,139003,1,30,AUORA ST,SENECA ST/GREEN ST SPLIT, , , , ,E STATE ST, ,0, ,,364036,139003011,0,0.09,45267058,109,4036,,16,Combined Total,Y,,2019,F,6306,505,392,139,7,2016,6356,8,78,2010,7702,,,,,2016,11,2,2,0,0,89,8,1,1,1,0,0,2019,2016,30,15,13,22,0,0,13.07251072,59.18663025,0,146,2,Actual,,,,,424,526,536
44589099, , ,1, ,138890,1,30,N ALBANY ST,N AURORA ST, , , , ,W COURT ST, ,30, ,,364013,138890011,0.45,0.76,45267024,109,4013,,16,Combined Total,Y,,2019,F,3461,379,266,63,0,2016,3489,11,70,2010,3112,,,,,2016,11,2,2,0,0,88,9,0,2,1,0,0,2019,2016,30,14,12,20,0,0,13.07251072,59.18663025,0,63,2,Actual,,,,,145,227,218
44591324,79,3,1, ,100481,5,30,CR 174/PINE TREE RD,CITY OF ITHACA,2014034, , ,Y, , ,45, ,,360444,100481051,10.22,11.15,45294512,109,0444,,14,Combined Total,Y,,2019,F,6967,625,371,239,82,2017,6969,9,59,2009,6788,2002,6722,,,,,,,,,,,,,,,,2019,,,,,,,,13.07251072,59.18663025,0,321,5,Estimated,,,,,400,507,596
44591447, , ,1, ,263345,1,30,Eddy St,Seneca Way, , , , ,SENECA ST, ,0,Y,,364046,263345011,0,0.41,45205586,109,4046,,19,Combined Total,Y,Y,2019,F,906,82,82,40,9,2010,1025,9,100,,,,,,,,,,,,,,,,,,,,2019,,,,,,,,13.07251072,59.18663025,0,49,5,Estimated,,,,,73,86,102
44592328, , ,1, ,138888,1,30,STATE ST,DRYDEN RD, , , , ,CORNELL ST, ,30, ,,362028,138888011,0,0.6,45323352,109,2028,,17,Combined Total,Y,,2019,F,2433,273,143,38,1,2018,2440,11,52,2014,1801,2011,1782,2008,3678,2014,8,2,2,0,2,89,7,0,1,1,0,0,2019,2014,30,25,27,33,0,0,13.07251072,59.18663025,0,39,2,Actual,,,,,114,125,165
44592378, , ,1, ,138933,1,30,S HILL TERR,AURORA ST, , , , ,HILLVIEW PL, ,0, ,,364020,138933011,0,0.15,45205574,109,4020,,19,Combined Total,Y,,2019,F,979,109,93,43,10,2010,1107,11,86,,,,,,,,,,,,,,,,,,,,2019,,,,,,,,13.07251072,59.18663025,0,53,5,Estimated,,,,,71,89,135
44592463, , ,1, ,138963,1,30,ITHACA RD,CITY LINE,2016035, , , ,MITCHELL ST, ,30, ,,362042,138963011,0.23,0.63,45323373,109,2042,,17,Combined Total,Y,,2019,F,4881,423,222,124,2,2018,4894,9,53,2014,4013,2011,3567,2008,5723,2018,17,3,3,0,1,82,15,0,2,1,0,0,2019,2018,30,19,22,25,0,0,13.07251072,59.18663025,0,126,3,Actual,,,,,195,279,306
44604301, , ,1, ,138958,1,30,DRYDEN RD,CITY LINE, , , , ,MAPLE AVE, ,30, ,,364027,138958011,0,0.16,45267037,109,4027,,17,Combined Total,Y,,2019,A,2574,227,120,87,12,2019,2574,9,53,2016,1666,2010,2531,,,,,,,,,,,,,,,,2019,,,,,,,,13.07251072,59.18663025,0,99,4,Estimated,,,,,153,221,208
44604817, , ,1, ,138851,1,30,E COURT ST,E MARSHALL ST, ,2210550, , ,N AURORA ST, ,30, ,,366025,138851011,0.85,1.09,45294597,109,6025,,16,Combined Total,Y,,2019,F,3308,340,290,88,2,2017,3326,10,85,2011,2990,2008,3421,2001,4376,2017,13,3,3,0,0,87,10,1,2,1,0,0,2019,2017,30,22,24,29,0,0,13.07251072,59.18663025,0,90,3,Actual,,,,,125,153,195
44605284, , ,1, ,138285,1,30,CITY LINE,END, , , , ,PENNSYLVANIA AV, ,0, ,,368713,138285011,0,0.46,45207831,109,8713,,19,Combined Total,Y,,2019,F,246,19,11,11,2,2011,274,8,57,,,,,,,,,,,,,,,,,,,,2019,,,,,,,,13.07251072,59.18663025,0,13,5,Estimated,,,,,15,22,19
44608719, , ,1, ,139009,1,30,W STATE ST,W BUFFALO ST, , , , ,TAUGHANNOCK BLV, ,0, ,,364040,139009011,0,0.1,45205583,109,4040,,19,Combined Total,Y,,2019,F,4969,490,255,218,50,2010,5620,10,52,,,,,,,,,,,,,,,,,,,,2019,,,,,,,,13.07251072,59.18663025,0,268,5,Estimated,,,,,377,434,609
44609847,89,3,1, ,100499,1,40,RTS 13 34 N FULTON ST,END 89/96 OLAP, ,4210370,362085D, , , ,30, ,,360045,100760021,12.78,12.89,45205531,109,0045,,16,Combined Total,Y,,2019,F,17047,1336,878,646,346,2010,17462,8,66,2006,19720,,,,,2006,,6,4,2,,,,,,,0,0,2019,,,,,,,,11.33219433,58.65974808,0,992,6,Actual,,,,,1119,1264,1598
44609848,89,3,1, ,100499,1,40,RTS 13 34 N FULTON ST,END 89/96 OLAP, ,4210370,362085D, , , ,30, ,,360045,100499011,0.1,0.21,45205531,109,0045,,16,Combined Total,Y,,2019,F,17047,1336,878,646,346,2010,17462,8,66,2006,19720,,,,,2006,,6,4,2,,,,,,,0,0,2019,,,,,,,,11.33219433,58.65974808,0,992,6,Actual,,,,,1119,1264,1598
44610081,79,3,1, ,100481,5,30,AFTER MITCHELL ST,SENECA ST/GREEN ST SPLIT,2001899, , ,Y,E STATE ST, ,30, ,,360021,139003011,0.09,0.53,45294485,109,0021,,14,Combined Total,Y,,2019,F,18579,1508,814,822,110,2017,18585,8,54,2009,17321,2005,19073,2000,20427,2017,16,5,4,1,0,84,11,2,3,1,0,0,2019,2017,30,22,25,31,0,0,13.07251072,59.18663025,0,932,5,Actual,,,,,862,1066,1154
44610082,79,3,1, ,100481,5,30,AFTER MITCHELL ST,SENECA ST/GREEN ST SPLIT,2001899, , ,Y,E STATE ST, ,30, ,,360021,100481051,11.86,12.3,45294485,109,0021,,14,Combined Total,Y,,2019,F,18579,1508,814,822,110,2017,18585,8,54,2009,17321,2005,19073,2000,20427,2017,16,5,4,1,0,84,11,2,3,1,0,0,2019,2017,30,22,25,31,0,0,13.07251072,59.18663025,0,932,5,Actual,,,,,862,1066,1154
44611323, , ,1, ,138981,1,30,COURT ST,CASCADILLA ST, , , , ,N PLAIN ST, ,30, ,,364030,138981011,0.81,0.95,45294573,109,4030,,17,Combined Total,Y,,2019,F,1422,176,102,48,7,2017,1430,12,58,2010,1466,,,,,,,,,,,,,,,,,,2019,,,,,,,,13.07251072,59.18663025,0,55,4,Estimated,,,,,66,89,94
44613886, , ,1, ,139020,1,30,LINN ST,LAKE ST, , , , ,UNIVERSITY AVE, ,0, ,,362031,139020011,0,0.48,45323358,109,2031,,16,Combined Total,Y,,2019,F,3911,410,257,110,0,2018,3921,10,63,2014,3657,2011,3574,2006,3354,2018,12,3,3,0,0,87,10,2,1,1,0,0,2019,2018,30,26,28,33,0,0,13.07251072,59.18663025,0,110,3,Actual,,,,,146,209,258
44614328,79,3,1, ,100481,5,30,CITY OF ITHACA,AFTER MITCHELL ST,6933019, , ,Y,E STATE ST, ,30, ,,360440,139003011,0.53,1.24,45266962,109,0440,,14,Combined Total,Y,,2019,A,6761,599,371,311,115,2019,6761,9,62,2016,7370,2007,7628,2004,6862,2019,19,6,5,2,1,81,13,1,3,1,0,0,2019,2019,30,33,34,38,0,0,13.07251072,59.18663025,0,426,6,Actual,,,,,512,484,667
44614329,79,3,1, ,100481,5,30,CITY OF ITHACA,AFTER MITCHELL ST,6933019, , ,Y,E STATE ST, ,30, ,,360440,100481051,11.15,11.86,45266962,109,0440,,14,Combined Total,Y,,2019,A,6761,599,371,311,115,2019,6761,9,62,2016,7370,2007,7628,2004,6862,2019,19,6,5,2,1,81,13,1,3,1,0,0,2019,2019,30,33,34,38,0,0,13.07251072,59.18663025,0,426,6,Actual,,,,,512,484,667
44616024, , ,1, ,138925,1,30,N MEADOW ST,AUBURN ST,2003865,2210490, , ,HANCOCK ST, ,30, ,,366020,138925011,0,0.46,45323395,109,6020,,17,Combined Total,Y,,2019,F,2204,311,193,94,2,2018,2210,14,62,2014,2573,2011,1933,2008,2855,2014,15,4,4,0,2,83,11,1,3,1,0,0,2019,2014,30,20,22,28,0,0,13.07251072,59.18663025,0,96,4,Actual,,,,,122,134,175
44619481, , ,1, ,138890,1,30,N PLAIN ST,N ALBANY ST, , , , ,W COURT ST, ,30, ,,364012,138890011,0.34,0.45,45294567,109,4012,,16,Combined Total,Y,,2019,F,2955,288,186,81,11,2017,2971,10,65,2009,2782,,,,,2009,,3,3,0,,,,,,,0,0,2019,,,,,,,,13.07251072,59.18663025,0,92,3,Actual,,,,,137,152,178
44621363, , ,1, ,138851,1,30,E STATE ST,E SENECA ST, , , , ,N AURORA ST, ,30,Y,,364000,138851011,0.64,0.7,45207755,109,4000,,16,Combined Total,Y,Y,2019,A,7215,626,626,253,44,2019,7215,9,100,2011,5764,2010,6848,,,,,,,,,,,,,,,,2019,,,,,,,,13.07251072,59.18663025,0,297,4,Estimated,,,,,607,558,697
44623121, , ,1, ,138861,1,30,N ALBANY ST,N CAYUGA ST, , , , ,BUFFALO ST, ,30, ,,362024,138861011,0.34,0.48,45323346,109,2024,,16,Combined Total,Y,,2019,F,6147,545,275,54,2,2018,6163,9,50,2014,5211,2011,5470,2008,6136,2014,7,1,1,0,1,92,6,0,1,1,0,0,2019,2014,30,15,14,23,0,0,13.07251072,59.18663025,0,56,1,Actual,,,,,242,250,307
44623269,,,1, ,138944,1,30,MITCHELL ST,,, , , ,ITHACA RD, ,30, ,,360022,138944011,0.06,0.4,45323259,109,0022,,16,Combined Total,Y,,2019,F,5375,471,295,236,23,2018,5389,9,63,2014,5068,2011,5547,2008,6697,2018,17,5,4,0,0,83,12,1,3,1,0,0,2019,2018,30,28,29,33,0,0,13.07251072,59.18663025,0,259,5,Actual,,,,,263,299,358
44623270,,,1, ,138963,1,30,E STATE ST,ITHACA RD,, , , ,MITCHELL ST, ,30, ,,360022,138963011,0,0.25,45323259,109,0022,,16,Combined Total,Y,,2019,F,5375,471,295,236,23,2018,5389,9,63,2014,5068,2011,5547,2008,6697,2018,17,5,4,0,0,83,12,1,3,1,0,0,2019,2018,30,28,29,33,0,0,13.07251072,59.18663025,0,259,5,Actual,,,,,263,299,358
44623271,366,3,1, ,100334,1,30,RT 79,ITHACA TL,, , , ,ITHACA RD, ,30, ,,360022,100334011,0,0.81,45323259,109,0022,,16,Combined Total,Y,,2019,F,5375,471,295,236,23,2018,5389,9,63,2014,5068,2011,5547,2008,6697,2018,17,5,4,0,0,83,12,1,3,1,0,0,2019,2018,30,28,29,33,0,0,13.07251072,59.18663025,0,259,5,Actual,,,,,263,299,358
44625390, , ,1, ,138902,1,30,HALLER BLVD,CHESTNUT ST, , , , ,ELM ST, ,0, ,,362043,138902011,0,0.37,45207749,109,2043,,19,Combined Total,Y,,2019,A,1692,138,86,84,0,2019,1692,8,62,2011,1766,2008,1663,2005,3558,2011,23,5,5,0,1,77,18,3,2,1,0,0,2019,2011,30,19,23,32,0,0,13.07251072,59.18663025,0,84,5,Actual,,,,,129,99,143
44626671,96B,3,1, ,100759,2,30,CITY OF ITHACA,CAYUGA ST,6933026,2210440, , ,S AURORA ST, ,30, ,,360018,138851011,0,0.5,45323256,109,0018,,16,Combined Total,Y,,2019,F,11192,890,472,226,25,2018,11222,8,53,2014,12414,2011,12708,2008,13847,2014,10,2,2,0,0,89,8,0,2,1,0,0,2019,2014,30,27,29,34,0,0,13.07251072,59.18663025,0,251,2,Actual,,,,,891,695,934
44626672,96B,3,1, ,100759,2,30,CITY OF ITHACA,CAYUGA ST,6933026,2210440, , ,S AURORA ST, ,30, ,,360018,138983011,0,0.12,45323256,109,0018,,16,Combined Total,Y,,2019,F,11192,890,472,226,25,2018,11222,8,53,2014,12414,2011,12708,2008,13847,2014,10,2,2,0,0,89,8,0,2,1,0,0,2019,2014,30,27,29,34,0,0,13.07251072,59.18663025,0,251,2,Actual,,,,,891,695,934
44626673,96B,3,1, ,100759,2,30,CITY OF ITHACA,CAYUGA ST,6933026,2210440, , ,S AURORA ST, ,30, ,,360018,138879011,0.5,0.59,45323256,109,0018,,16,Combined Total,Y,,2019,F,11192,890,472,226,25,2018,11222,8,53,2014,12414,2011,12708,2008,13847,2014,10,2,2,0,0,89,8,0,2,1,0,0,2019,2014,30,27,29,34,0,0,13.07251072,59.18663025,0,251,2,Actual,,,,,891,695,934
44626674,96B,3,1, ,100759,2,30,CITY OF ITHACA,CAYUGA ST,6933026,2210440, , ,S AURORA ST, ,30, ,,360018,100759021,10.13,10.84,45323256,109,0018,,16,Combined Total,Y,,2019,F,11192,890,472,226,25,2018,11222,8,53,2014,12414,2011,12708,2008,13847,2014,10,2,2,0,0,89,8,0,2,1,0,0,2019,2014,30,27,29,34,0,0,13.07251072,59.18663025,0,251,2,Actual,,,,,891,695,934
44627768, , ,1, ,138865,1,30,CAYUGA ST,AURORA ST, , , , ,CASCADILLA AVE, ,0,Y,,368617,138865011,0,0.19,45205635,109,8617,,19,Combined Total,Y,Y,2019,F,131,12,7,6,1,2010,148,9,57,,,,,,,,,,,,,,,,,,,,2019,,,,,,,,13.07251072,59.18663025,0,7,5,Estimated,,,,,10,13,14
44627858, , ,1, ,138848,1,30,S TITUS AVE,CASCADILLA ST,2016034,2210420, , ,ALBANY ST, ,30, ,,366015,138848011,0.16,0.89,45294586,109,6015,,16,Combined Total,Y,,2019,F,1895,206,128,41,0,2017,1905,11,62,2011,2793,2008,3114,,,2017,18,2,2,0,0,82,16,0,2,1,0,0,2019,2017,30,16,18,24,0,0,13.07251072,59.18663025,0,41,2,Actual,,,,,130,187,174
44628242,366,3,1, ,100334,1,30,ITHACA TL,OLD RT 392,2002482,1046760, , , , ,45, ,,360012,100334011,0.81,2.52,45294479,109,0012,,16,Combined Total,Y,,2019,F,7066,673,484,360,55,2017,7103,10,72,2011,7757,2008,8203,2004,8154,2017,20,6,5,1,0,80,14,1,4,1,0,0,2019,2017,45,40,41,46,0,0,13.07251072,59.18663025,0,415,6,Actual,,,,,411,414,513
44629122, , ,1, ,138861,1,30,N CAYUGA ST,AURORA ST, , , , ,BUFFALO ST, ,30, ,,364004,138861011,0.48,0.64,45294555,109,4004,,16,Combined Total,Y,,2019,F,3717,337,183,130,22,2017,3737,9,54,2009,7034,,,,,,,,,,,,,,,,,,2019,,,,,,,,13.07251072,59.18663025,0,152,4,Estimated,,,,,281,381,426
44630840, , ,1, ,138260,1,30,DRYDEN RD,TOWER RD, , , , ,JUDD FALLS RD, ,30, ,,361204,138260011,0,0.27,45239242,109,1204,,17,Combined Total,Y,,2019,A,4725,466,235,74,1,2019,4725,10,50,2015,5306,2009,4990,,,2015,12,2,2,0,1,88,10,0,1,1,0,0,2019,2015,30,23,24,29,0,0,13.07251072,59.18663025,0,75,2,Actual,,,,,458,418,513
44637247,79,3,1, ,100481,5,40,RTS 13/34/96 SB North Fulton,ACC RTS 89 & 96, ,4210380, , ,SENECA ST, ,30, ,,360050,100481051,13.18,13.26,45266953,091,6724,,16,Combined Total,Y,,2019,F,12748,1157,867,452,19,2016,12850,9,75,2010,13595,2006,10071,2003,12700,2016,16,4,4,0,1,84,12,1,3,1,0,0,2019,2016,30,15,13,23,0,0,11.33219433,58.65974808,0,471,4,Estimated,,,,,248,341,424
44638567, , ,1, ,138939,1,30,PROSPECT ST,S AURORA ST, , , , ,HUDSON ST, ,30, ,,364022,138939011,0.62,0.75,45267034,019,6081,,17,Combined Total,Y,,2019,F,3094,263,204,104,14,2016,2486,9,78,2016,2486,2010,2938,,,,,,,,,,,,,,,,2019,,,,,,,,13.07251072,59.18663025,0,118,4,Estimated,,,,,121,162,198
44638619, , ,1, ,138974,1,30,CLIFF ST,CUL DE SAC, , , , ,PARK RD, ,30, ,,361211,138974011,0,0.17,45323334,003,8018,,17,Combined Total,Y,,2019,F,191,20,11,2,0,2018,192,10,55,2014,228,,,,,2018,13,1,1,0,3,84,12,0,1,1,0,0,2019,2018,30,19,22,27,0,0,13.07251072,59.18663025,0,2,1,Actual,,,,,23,36,38
44639393, , ,1, ,138870,1,30,W SPENCER ST,E GREEN ST, ,2210430, , ,S CAYUGA ST, ,30, ,,366016,138870011,0.17,0.44,45294588,107,0030,,17,Combined Total,Y,,2019,F,9187,834,522,209,5,2017,9237,9,63,2011,7139,2008,7546,,,2017,15,2,2,0,0,84,13,0,2,1,0,0,2019,2017,30,24,26,30,0,0,13.07251072,59.18663025,0,214,2,Actual,,,,,426,701,777
44642208, , ,1, ,139004,1,30,SOUTH AVE,UNIVERSITY AVE, , , , ,STEWART AVE, ,30, ,,364037,139004011,0.38,0.69,45294576,081,3027,,17,Combined Total,Y,,2019,F,4704,468,262,159,22,2017,4730,10,56,2010,3889,,,,,,,,,,,,,,,,,,2019,,,,,,,,13.07251072,59.18663025,0,181,4,Estimated,,,,,355,290,443
44642310,79,3,1, ,100481,5,30,FLORAL AVE,ITHACA CL /  ITHACA TL,2001913, , , ,HECTOR ST, ,30, ,,360469,100481051,13.45,14.7,45323298,093,8107,,16,Combined Total,Y,,2019,F,6757,581,338,240,42,2018,6775,9,58,2014,8480,2010,7025,2007,7125,2018,19,4,4,1,0,81,14,1,3,1,0,0,2019,2018,30,33,34,39,0,0,13.07251072,59.18663025,0,282,4,Actual,,,,,416,390,510
44644942, , ,1, ,138882,1,30,MITCHELL ST,OAK AVE, , , , ,COLLEGE AVE, ,30, ,,366040,138882011,0,0.35,45323398,119,5528,,17,Combined Total,Y,,2019,F,2084,152,84,313,2,2018,2090,7,55,2015,2330,2010,2844,2001,8245,2015,23,15,15,0,0,77,8,11,4,1,1,0,2019,2015,30,21,23,29,0,0,13.07251072,59.18663025,0,315,15,Estimated,,,,,122,155,152
44648252, , ,1, ,138900,1,30,E STATE ST,WILLIAMS ST, , , , ,EDDY ST, ,30, ,,364016,138900011,0,0.3,45267031,033,8000,,17,Combined Total,Y,,2019,F,2154,139,76,73,10,2019,2154,6,54,2016,1219,2010,1392,,,,,,,,,,,,,,,,2019,,,,,,,,13.07251072,59.18663025,0,83,4,Estimated,,,,,134,136,142
44648770, , ,1, ,138921,1,30,WATER ST,STATE ST, , , , ,GILES ST, ,30, ,,368603,138921011,0.65,0.96,45267343,059,1672,,17,Combined Total,Y,,2019,A,2594,281,149,88,12,2019,2594,11,53,2016,2087,2010,1660,,,,,,,,,,,,,,,,2019,,,,,,,,13.07251072,59.18663025,0,100,4,Estimated,,,,,153,155,242
44648999, , ,1, ,138851,1,30,S AURORA ST,E STATE ST, ,2210450, , ,S AURORA ST, ,30, ,,366017,138851011,0.5,0.64,45218666,069,0049,,16,Combined Total,Y,,2019,F,9993,717,430,332,6,2014,10127,7,60,2011,11049,2008,11259,2001,11810,2014,12,3,3,0,1,87,9,1,2,1,0,0,2019,2014,30,21,25,29,0,0,13.07251072,59.18663025,0,338,3,Actual,,,,,417,579,580
44649759, ,5,1, ,137835,1,30,NY 79,ELLIS HOLW RD,2002928, , , ,PINE TREE RD,CR174,35, ,,362018,137835011,0,0.99,45218653,047,6013,,16,Combined Total,Y,,2019,F,7264,706,548,180,21,2019,7264,10,78,2014,6706,2011,6675,2008,7203,2014,13,3,2,0,1,86,10,1,2,1,0,0,2019,2014,55,35,36,40,0,0,13.07251072,59.18663025,0,201,3,Actual,,,,,568,451,652
44651043, , ,1, ,300483,1,30,S CAYUGA ST,S ALBANY ST, , , , ,W STATE ST, ,30, ,,364035,300483011,0,0.14,45267055,103,5117,,17,Combined Total,Y,,2019,A,1708,139,72,45,0,2016,1722,8,52,2010,2324,,,,,2016,16,3,3,0,1,83,13,1,2,1,0,0,2019,2016,30,15,14,23,0,0,13.07251072,59.18663025,0,45,3,Estimated,,,,,58,140,119
44651379,13,3,1, ,100760,2,30,W STATE ST,RT 79 WB WEST SENECA ST,2014028, , ,Y,N Meadow St, ,30, ,,360002,100760021,12.56,12.62,45205523,007,7045,,14,Combined Total,Y,,2019,A,35106,2696,1488,1206,413,2010,35156,8,55,2007,39415,,,,,,,,,,,,,,,,,,2019,,,,,,,,13.07251072,59.18663025,0,1619,5,Estimated,,,,,2244,2879,2967
44651380,13,3,1, ,100309,4,30,W STATE ST,RT 79 WB WEST SENECA ST,2014028, , ,Y,N Meadow St, ,30, ,,360002,100309041,12.56,12.62,45205523,007,7045,,14,Combined Total,Y,,2019,A,35106,2696,1488,1206,413,2010,35156,8,55,2007,39415,,,,,,,,,,,,,,,,,,2019,,,,,,,,13.07251072,59.18663025,0,1619,5,Estimated,,,,,2244,2879,2967
44651381,13,3,1, ,100061,3,30,W STATE ST,RT 79 WB WEST SENECA ST,2014028, , ,Y,N Meadow St, ,30, ,,360002,100061031,14.53,14.59,45205523,007,7045,,14,Combined Total,Y,,2019,A,35106,2696,1488,1206,413,2010,35156,8,55,2007,39415,,,,,,,,,,,,,,,,,,2019,,,,,,,,13.07251072,59.18663025,0,1619,5,Estimated,,,,,2244,2879,2967
44651382,,,1,,277620,1,30,Rt 79 EB West Seneca St,W State St,2014028,,,Y,N Fulton St,,30,,,360002,277620011,0.46,0.52,45205523,007,7045,,14,Combined Total,Y,,2019,A,35106,2696,1488,1206,413,2010,35156,8,55,2007,39415,,,,,,,,,,,,,,,,,,2019,,,,,,,,13.07251072,59.18663025,0,1619,5,Estimated,,,,,2244,2879,2967
44651383,,3,1,,100061,3,30,Rt 79 EB West Seneca St,W State St,2014028,,,Y,N Fulton St,,30,,,360002,100061032,14.47,14.53,45205523,007,7045,,14,Combined Total,Y,,2019,A,35106,2696,1488,1206,413,2010,35156,8,55,2007,39415,,,,,,,,,,,,,,,,,,2019,,,,,,,,13.07251072,59.18663025,0,1619,5,Estimated,,,,,2244,2879,2967
44651384,,3,1,,100309,4,30,Rt 79 EB West Seneca St,W State St,2014028,,,Y,N Fulton St,,30,,,360002,100309042,12.59,12.65,45205523,007,7045,,14,Combined Total,Y,,2019,A,35106,2696,1488,1206,413,2010,35156,8,55,2007,39415,,,,,,,,,,,,,,,,,,2019,,,,,,,,13.07251072,59.18663025,0,1619,5,Estimated,,,,,2244,2879,2967
44651385,,3,1,,100760,2,30,Rt 79 EB West Seneca St,W State St,2014028,,,Y,N Fulton St,,30,,,360002,100760022,12.59,12.65,45205523,007,7045,,14,Combined Total,Y,,2019,A,35106,2696,1488,1206,413,2010,35156,8,55,2007,39415,,,,,,,,,,,,,,,,,,2019,,,,,,,,13.07251072,59.18663025,0,1619,5,Estimated,,,,,2244,2879,2967
44653947, , ,1, ,138857,1,30,TABER ST,SENECA ST, ,2210400, , ,BRINDLEY ST, ,0, ,,366013,138857011,0,0.1,45267104,109,6013,,19,Combined Total,Y,,2019,F,2073,187,101,36,0,2016,2156,9,54,2014,2390,2010,2116,2001,1910,2016,16,2,2,0,0,83,15,0,2,1,0,0,2019,2016,15,15,14,23,0,0,13.07251072,59.18663025,0,36,2,Actual,,,,,159,189,209
44656316, , ,1, ,138955,1,30,E COURT ST,DEAD END, ,2210560, , ,LINN ST, ,0, ,,366026,138955011,0,0.56,45267109,109,6026,,19,Combined Total,Y,,2019,F,357,45,22,2,0,2016,371,13,50,2010,3647,2001,3903,,,2016,5,1,1,0,0,94,5,0,0,1,0,0,2019,2016,30,18,21,26,0,0,13.07251072,59.18663025,0,2,1,Actual,,,,,21,27,31
44656766,96B,3,1, ,100759,2,30,CAYUGA ST,RTS 13/34/96 END RT 96B,6933025, , , ,CLINTON ST W, ,30, ,,360019,138879011,0,0.5,45294486,101,0137,,16,Combined Total,Y,,2019,F,6934,630,352,203,46,2017,6971,9,56,2009,8203,2005,8653,2001,8971,2009,,4,3,1,,,,,,,0,0,2019,,,,,,,,13.07251072,59.18663025,0,249,4,Actual,,,,,363,472,506
44656767,96B,3,1, ,100759,2,30,CAYUGA ST,RTS 13/34/96 END RT 96B,6933025, , , ,CLINTON ST W, ,30, ,,360019,100759021,10.84,11.34,45294486,101,0137,,16,Combined Total,Y,,2019,F,6934,630,352,203,46,2017,6971,9,56,2009,8203,2005,8653,2001,8971,2009,,4,3,1,,,,,,,0,0,2019,,,,,,,,13.07251072,59.18663025,0,249,4,Actual,,,,,363,472,506
44657376,79,3,1, ,100481,5,30,SENECA ST/GREEN ST SPLIT,RTS 13/34/96 NB Meadow St,6933020, , ,Y,W Seneca St, ,30, ,,360472,100481051,12.3,13.07,45205537,005,4297,,14,Combined Total,Y,,2019,F,15483,1286,804,532,182,2010,15505,8,63,2001,14978,,,,,,,,,,,,,,,,,,2019,,,,,,,,13.07251072,59.18663025,0,714,5,Estimated,,,,,776,873,1036
44657377,,,1,,277619,1,30,RTS 13/34/96 NB Meadow St,SENECA ST/GREEN ST SPLIT,6933020,,,Y,W Green St,,30,,,360472,277619011,0.09,0.87,45205537,005,4297,,14,Combined Total,Y,,2019,F,15483,1286,804,532,182,2010,15505,8,63,2001,14978,,,,,,,,,,,,,,,,,,2019,,,,,,,,13.07251072,59.18663025,0,714,5,Estimated,,,,,776,873,1036
44657378,79,3,1,,100481,5,30,RTS 13/34/96 NB Meadow St,SENECA ST/GREEN ST SPLIT,6933020,,,Y,W Green St,,30,,,360472,100481052,12.27,13.05,45205537,005,4297,,14,Combined Total,Y,,2019,F,15483,1286,804,532,182,2010,15505,8,63,2001,14978,,,,,,,,,,,,,,,,,,2019,,,,,,,,13.07251072,59.18663025,0,714,5,Estimated,,,,,776,873,1036
44658331, , ,1, ,139015,1,30,E STATE ST,TOMPKINS ST, ,2210540, , ,TIOGA ST, ,30, ,,366024,139015011,0,0.62,45294594,109,6024,,17,Combined Total,Y,,2019,F,1452,146,86,23,0,2017,1460,10,59,2011,1859,2008,2146,2001,2534,2017,11,2,2,0,1,88,10,0,1,1,0,0,2019,2017,30,16,18,24,0,0,13.07251072,59.18663025,0,23,2,Actual,,,,,64,78,84
44660041, , ,1, ,138226,1,30,FIVE MILE DR,ELM ST EXT, , , , ,COY GLEN RD, ,0, ,,368711,138226011,0,0.72,45207826,109,8711,,19,Combined Total,Y,,2019,F,482,48,27,21,5,2011,537,10,57,,,,,,,,,,,,,,,,,,,,2019,,,,,,,,13.07251072,59.18663025,0,26,5,Estimated,,,,,44,37,58
44660619, , ,1, ,138890,1,30,N MEADOW ST,N PLAIN ST, , , , ,W COURT ST, ,30, ,,364011,138890011,0.11,0.34,45323383,109,4011,,16,Combined Total,Y,,2019,F,2216,208,123,31,0,2018,2222,9,59,2015,2293,2009,2302,,,2015,11,1,1,0,1,88,10,0,1,1,0,0,2019,2015,30,22,24,29,0,0,13.07251072,59.18663025,0,31,1,Actual,,,,,101,150,140
44661294,79,3,1, ,100481,5,30,RTS 13/34/96 NB Meadow St,RTS 13/34/96 SB North Fulton, , ,362084W,Y,SENECA ST, ,30, ,,360046,100481051,13.07,13.18,45205534,109,0046,,14,Combined Total,Y,,2019,F,10595,897,594,364,125,2010,10610,8,66,2007,9766,2004,10869,2001,9372,,,,,,,,,,,,,,2019,,,,,,,,13.07251072,59.18663025,0,489,5,Estimated,,,,,531,564,722
44661295,79,3,1,,100481,5,30,RTS 13/34/96 SB North Fulton,RTS 13/34/96 NB Meadow St,,,362084W,Y,W Green St,,30,,,360046,10481052,13.05,13.14,45205534,109,0046,,14,Combined Total,Y,,2019,F,10595,897,594,364,125,2010,10610,8,66,2007,9766,2004,10869,2001,9372,,,,,,,,,,,,,,2019,,,,,,,,13.07251072,59.18663025,0,489,5,Estimated,,,,,531,564,722
44661296,,3,1,,277619,1,30,RTS 13/34/96 SB North Fulton,RTS 13/34/96 NB Meadow St,,,362084W,Y,W Green St ,,30,,,360046,277619011,0,0.09,45205534,109,0046,,14,Combined Total,Y,,2019,F,10595,897,594,364,125,2010,10610,8,66,2007,9766,2004,10869,2001,9372,,,,,,,,,,,,,,2019,,,,,,,,13.07251072,59.18663025,0,489,5,Estimated,,,,,531,564,722
44663978, , ,1, ,138921,1,30,HUDSON ST,COLUMBIA ST, , , , ,GILES ST, ,30,Y,,364019,138921011,0,0.2,45239250,109,4019,,17,Combined Total,Y,Y,2019,F,374,41,41,3,0,2015,378,11,100,2010,369,,,,,2015,10,1,1,0,0,90,9,0,1,1,0,0,2019,2015,30,14,12,20,0,0,13.07251072,59.18663025,0,3,1,Actual,,,,,27,37,42
44664869, , ,1, ,300483,1,30,S FULTON ST,W SENECA ST, ,4210390,362083P, ,W STATE ST, ,0, ,,364032,300483011,0.59,0.73,45267047,109,4032,,16,Combined Total,Y,,2019,F,11780,1042,865,449,10,2016,11874,9,83,2014,13521,2010,10818,,,2016,15,4,4,0,1,84,11,1,3,1,0,0,2019,2016,30,16,17,25,0,0,13.07251072,59.18663025,0,459,4,Actual,,,,,1118,782,1109
44664870, , ,1, ,138981,1,30,BUFFALO ST,COURT ST, , , , ,N PLAIN ST, ,0, ,,364029,138981011,0.73,0.81,45239252,109,4029,,16,Combined Total,Y,,2019,A,2366,274,185,45,0,2019,2366,12,68,2015,1448,2010,1914,,,2015,14,2,2,0,1,85,12,0,1,1,0,0,2019,2015,30,17,20,25,0,0,13.07251072,59.18663025,0,45,2,Actual,,,,,161,200,298
44664974, , ,1, ,138890,1,30,N AURORA ST,LINN ST, , , , ,E COURT ST, ,30, ,,364014,138890011,0.76,0.82,45267026,109,4014,,16,Combined Total,Y,,2019,F,3669,372,229,129,22,2016,3698,10,62,2010,3134,,,,,,,,,,,,,,,,,,2019,,,,,,,,13.07251072,59.18663025,0,151,4,Estimated,,,,,158,233,269
44665336, , ,1, ,138896,1,30,EDDY ST,COLLEGE AVE, , , , ,DRYDEN RD, ,30, ,,368619,138896011,0,0.13,45294670,109,8619,,16,Combined Total,Y,,2019,F,3404,260,132,119,21,2017,3422,8,51,2010,5376,,,,,,,,,,,,,,,,,,2019,,,,,,,,13.07251072,59.18663025,0,140,4,Estimated,,,,,173,228,242
44665398, , ,1, ,138921,1,30,COLUMBIA ST,WATER ST, ,2210470, , ,GILES ST, ,30, ,,366019,138921011,0.2,0.65,45323392,109,6019,,17,Combined Total,Y,,2019,F,3513,375,198,37,0,2018,3523,11,53,2014,1966,2011,1996,2008,2465,2018,11,1,1,0,0,89,10,0,1,1,0,0,2019,2018,30,29,30,34,0,0,13.07251072,59.18663025,0,37,1,Actual,,,,,306,243,383
44674471, , ,1, ,138981,1,30,N TITUS AVE,GREEN ST, , , , ,S PLAIN ST, ,0, ,,368614,138981011,0.25,0.54,45294669,109,8614,,16,Combined Total,Y,,2019,F,1365,148,96,48,8,2017,1372,11,65,2009,1574,2005,1849,,,,,,,,,,,,,,,,2019,,,,,,,,13.07251072,59.18663025,0,56,4,Estimated,,,,,93,132,154
44674490, , ,1, ,138870,1,30,CASCADILLA ST S,FARM ST, ,2210520, , ,N CAYUGA ST, ,30, ,,366023,138870011,0.85,0.88,45294591,109,6023,,16,Combined Total,Y,,2019,F,7167,715,501,331,4,2017,7205,10,70,2011,5211,2008,6161,2001,7637,2017,16,5,5,0,0,83,12,2,2,1,0,0,2019,2017,30,19,22,28,0,0,13.07251072,59.18663025,0,335,5,Actual,,,,,307,409,425
44675731, , ,1, ,138902,1,30,CHESTNUT ST,FLORAL AVE, , , , ,ELM ST, ,0, ,,364017,138902011,0.37,0.67,45205568,109,4017,,19,Combined Total,Y,,2019,F,2453,197,110,108,25,2010,2774,8,56,,,,,,,,,,,,,,,,,,,,2019,,,,,,,,13.07251072,59.18663025,0,133,5,Estimated,,,,,234,174,239
44678436, ,5,1, ,137775,1,30,ITHACA CITY LN,CR 120/PINE TREE RD, , , , ,MITCHELL ST EXT,CR110,35, ,,368002,137775011,0,0.53,45323447,047,2071,,17,Combined Total,Y,,2019,F,4236,416,216,143,19,2018,4248,10,52,2013,3916,2010,4010,,,,,,,,,,,,,,,,2019,,,,,,,,13.07251072,59.18663025,0,162,4,Estimated,,,,,246,284,343
44680550, , ,1, ,138262,1,30,PENNSYLVANIA AVE,END, , , , ,KENDALL AVE, ,0, ,,368707,138262011,0,0.47,45207817,109,8707,,19,Combined Total,Y,,2019,F,419,34,18,18,4,2011,467,8,53,,,,,,,,,,,,,,,,,,,,2019,,,,,,,,13.07251072,59.18663025,0,22,5,Estimated,,,,,24,40,35
44681013, ,5,1, ,137835,1,30,ELLIS HOLW RD,NY 366, , , , ,PINE TREE RD,CR174,35, ,,361005,137835011,0.99,1.6,45323319,109,1005,,16,Combined Total,Y,,2019,F,9156,865,529,251,14,2018,9180,9,61,2015,9509,2009,9739,2006,9981,2015,15,3,3,0,0,84,12,1,2,1,0,0,2019,2015,35,35,36,40,0,0,13.07251072,59.18663025,0,265,3,Actual,,,,,533,601,598
44681503,96,3,1, ,100760,2,30,NY 79/W GREEN ST EB,W STATE ST, , , ,Y, , ,30, ,,360016,100760021,12.49,12.56,45207743,109,0016,,14,Combined Total,Y,,2019,F,33198,2571,1459,1141,391,2011,33240,8,57,2008,34819,2004,31110,2001,32172,,,,,,,,,,,,,,2019,,,,,,,,13.07251072,59.18663025,0,1532,5,Estimated,,,,,2048,2657,2728
44681504,34,3,1, ,100309,4,30,NY 79/W GREEN ST EB,W STATE ST, , , ,Y, , ,30, ,,360016,100309041,12.49,12.56,45207743,109,0016,,14,Combined Total,Y,,2019,F,33198,2571,1459,1141,391,2011,33240,8,57,2008,34819,2004,31110,2001,32172,,,,,,,,,,,,,,2019,,,,,,,,13.07251072,59.18663025,0,1532,5,Estimated,,,,,2048,2657,2728
44681505,13,3,1, ,100061,3,30,NY 79/W GREEN ST EB,W STATE ST, , , ,Y, , ,30, ,,360016,100061031,14.46,14.53,45207743,109,0016,,14,Combined Total,Y,,2019,F,33198,2571,1459,1141,391,2011,33240,8,57,2008,34819,2004,31110,2001,32172,,,,,,,,,,,,,,2019,,,,,,,,13.07251072,59.18663025,0,1532,5,Estimated,,,,,2048,2657,2728
44681506,13,3,1, ,100061,3,30,NY 79/W GREEN ST EB,W STATE ST, , , ,Y, , ,30, ,,360016,100061031,14.46,14.53,45207743,109,0016,,14,Combined Total,Y,,2019,F,33198,2571,1459,1141,391,2011,33240,8,57,2008,34819,2004,31110,2001,32172,,,,,,,,,,,,,,2019,,,,,,,,13.07251072,59.18663025,0,1532,5,Estimated,,,,,2048,2657,2728
44681507,,,1,,277620,1,30,W State St,W Green St EB,,,,Y,S Fulton St,,30,,,360016,277620011,0.52,0.59,45207743,109,0016,,14,Combined Total,Y,,2019,F,33198,2571,1459,1141,391,2011,33240,8,57,2008,34819,2004,31110,2001,32172,,,,,,,,,,,,,,2019,,,,,,,,13.07251072,59.18663025,0,1532,5,Estimated,,,,,2048,2657,2728
44681508,13,3,1,,100061,3,30,W State St,W Green St EB,,,,Y,S Fulton St,,30,,,360016,100061042,14.4,14.47,45207743,109,0016,,14,Combined Total,Y,,2019,F,33198,2571,1459,1141,391,2011,33240,8,57,2008,34819,2004,31110,2001,32172,,,,,,,,,,,,,,2019,,,,,,,,13.07251072,59.18663025,0,1532,5,Estimated,,,,,2048,2657,2728
44681509,34,3,1,,100309,4,30,W State St,W Green St EB,,,,Y,S Fulton St,,30,,,360016,100309042,12.53,12.59,45207743,109,0016,,14,Combined Total,Y,,2019,F,33198,2571,1459,1141,391,2011,33240,8,57,2008,34819,2004,31110,2001,32172,,,,,,,,,,,,,,2019,,,,,,,,13.07251072,59.18663025,0,1532,5,Estimated,,,,,2048,2657,2728
44681510,79,3,1,,100481,5,30,W State St,W Green St EB,,,,Y,S Fulton St,,30,,,360016,100481052,13.14,13.2,45207743,109,0016,,14,Combined Total,Y,,2019,F,33198,2571,1459,1141,391,2011,33240,8,57,2008,34819,2004,31110,2001,32172,,,,,,,,,,,,,,2019,,,,,,,,13.07251072,59.18663025,0,1532,5,Estimated,,,,,2048,2657,2728
44681511,96,3,1,,100760,2,30,W State St,W Green St EB,,,,Y,S Fulton St,,30,,,360016,100760022,12.53,12.59,45207743,109,0016,,14,Combined Total,Y,,2019,F,33198,2571,1459,1141,391,2011,33240,8,57,2008,34819,2004,31110,2001,32172,,,,,,,,,,,,,,2019,,,,,,,,13.07251072,59.18663025,0,1532,5,Estimated,,,,,2048,2657,2728
44684793, , ,1, ,138871,1,30,CHERRY ST,S MEADOW ST, ,2210640,362081B, ,CECIL A MALONE, ,0, ,,366033,138871011,0,0.42,45294612,109,6033,,19,Combined Total,Y,,2019,F,2751,256,165,121,28,2017,2824,9,65,2011,3360,2006,2722,2001,2822,,,,,,,,,,,,,,2019,,,,,,,,13.07251072,59.18663025,0,149,5,Estimated,,,,,205,248,283
44686485, , ,1, ,139000,1,30,STONE QUARRY R,ALBANY ST, , , , ,SPENCER RD, ,30,Y,,362039,139000011,0.88,1.31,45294539,109,2039,,17,Combined Total,Y,Y,2019,F,2344,282,186,79,11,2017,2357,12,66,2008,3065,,,,,,,,,,,,,,,,,,2019,,,,,,,,13.07251072,59.18663025,0,90,4,Estimated,,,,,280,304,399
44687901, , ,1, ,138273,1,30,JUDD FALLS,CITY LN, , , , ,MAPLE AVE, ,30, ,,362035,138273011,0,0.45,45323364,009,6075,,17,Combined Total,Y,,2019,F,2433,210,131,181,1,2018,2440,9,62,2014,2359,2011,2415,2008,3448,2014,21,7,7,0,2,77,14,5,3,1,0,0,2019,2014,30,26,28,33,0,0,13.07251072,59.18663025,0,182,7,Actual,,,,,124,184,152
44687937, , ,1, ,277619,1,30,NY13 SB No Fulton St,S AURORA ST, , , ,Y,GREEN ST - NY79, ,30,Y,,361214,277619011,0,0.76,45294537,051,8144,,14,Combined Total,Y,Y,2019,F,5966,541,541,284,84,2017,5968,9,100,,,,,,,2017,23,6,5,1,0,77,17,2,3,1,0,0,2019,2017,30,27,28,34,0,0,13.07251072,59.18663025,0,368,6,Actual,,,,,316,380,388
44690306,13,3,1, ,100061,3,30,CITY OF ITHACA,NY 96B,6933022,1010350, ,Y,ELMIRA RD, ,30, ,,360004,100760021,10.78,12.38,45266926,109,0004,,14,Combined Total,Y,,2019,F,21775,1845,1045,725,325,2016,21785,8,57,2010,30317,2006,20844,2001,25427,2016,20,5,3,1,0,79,16,1,3,1,0,0,2019,2016,30,31,32,37,0,0,13.07251072,59.18663025,0,1050,5,Actual,,,,,1304,1768,1896
44690307,13,3,1, ,100061,3,30,CITY OF ITHACA,NY 96B,6933022,1010350, ,Y,ELMIRA RD, ,30, ,,360004,100309041,10.78,12.38,45266926,109,0004,,14,Combined Total,Y,,2019,F,21775,1845,1045,725,325,2016,21785,8,57,2010,30317,2006,20844,2001,25427,2016,20,5,3,1,0,79,16,1,3,1,0,0,2019,2016,30,31,32,37,0,0,13.07251072,59.18663025,0,1050,5,Actual,,,,,1304,1768,1896
44690308,13,3,1, ,100061,3,30,CITY OF ITHACA,NY 96B,6933022,1010350, ,Y,ELMIRA RD, ,30, ,,360004,100061031,12.75,14.35,45266926,109,0004,,14,Combined Total,Y,,2019,F,21775,1845,1045,725,325,2016,21785,8,57,2010,30317,2006,20844,2001,25427,2016,20,5,3,1,0,79,16,1,3,1,0,0,2019,2016,30,31,32,37,0,0,13.07251072,59.18663025,0,1050,5,Actual,,,,,1304,1768,1896
44690938, , ,1, ,139001,1,30,ALBANY ST,CAYUGA ST, , , , ,SPENCER ST W, ,30, ,,364031,139001011,0,0.25,45267043,109,4031,,17,Combined Total,Y,,2019,A,8813,784,525,216,6,2019,8813,9,67,2016,7578,2010,5243,,,2019,14,3,2,0,0,86,11,0,2,1,0,0,2019,2019,30,29,30,34,0,0,13.07251072,59.18663025,0,222,3,Actual,,,,,548,615,810
44691853, , ,1, ,139004,1,30,STATE ST,SOUTH AVE, ,2210570, , ,STEWART AVE, ,30, ,,366027,139004011,0,0.38,45294600,109,6027,,17,Combined Total,Y,,2019,F,6184,542,335,279,2,2017,6218,9,62,2011,6592,2008,6497,2001,5726,2017,15,5,5,0,0,85,11,3,2,1,0,0,2019,2017,30,23,26,31,0,0,13.07251072,59.18663025,0,281,5,Actual,,,,,340,558,609
44693871,13,3,1, ,100760,2,30,RT 79 WB WEST SENECA ST,END NY 13/NY 34/NY 96 OLAP/N,2014028, , ,Y,N Meadow St, ,30, ,,360023,100760021,12.62,12.68,45205528,109,0023,,14,Combined Total,Y,,2019,F,40221,2947,1580,1382,473,2010,40278,7,54,2007,44151,2004,38441,2001,36844,,,,,,,,,,,,,,2019,,,,,,,,13.07251072,59.18663025,0,1855,5,Estimated,,,,,2729,3123,3243
44693872,13,3,1, ,100309,4,30,RT 79 WB WEST SENECA ST,END NY 13/NY 34/NY 96 OLAP/N,2014028, , ,Y,N Meadow St, ,30, ,,360023,100309041,12.62,12.68,45205528,109,0023,,14,Combined Total,Y,,2019,F,40221,2947,1580,1382,473,2010,40278,7,54,2007,44151,2004,38441,2001,36844,,,,,,,,,,,,,,2019,,,,,,,,13.07251072,59.18663025,0,1855,5,Estimated,,,,,2729,3123,3243
44693873,13,3,1, ,100061,3,30,RT 79 WB WEST SENECA ST,END NY 13/NY 34/NY 96 OLAP/N,2014028, , ,Y,N Meadow St, ,30, ,,360023,100061031,14.59,14.65,45205528,109,0023,,14,Combined Total,Y,,2019,F,40221,2947,1580,1382,473,2010,40278,7,54,2007,44151,2004,38441,2001,36844,,,,,,,,,,,,,,2019,,,,,,,,13.07251072,59.18663025,0,1855,5,Estimated,,,,,2729,3123,3243
44693874,,,,,277620,1,30,West Buffalo St,West Seneca St,2014028,,,Y,N Fulton St,,30,,,360023,277620011,0.4,0.46,45205528,109,0023,,14,Combined Total,Y,,2019,F,40221,2947,1580,1382,473,2010,40278,7,54,2007,44151,2004,38441,2001,36844,,,,,,,,,,,,,,2019,,,,,,,,13.07251072,59.18663025,0,1855,5,Estimated,,,,,2729,3123,3243
44693875,,3,,,100061,3,30,West Buffalo St,West Seneca St,2014028,,,Y,N Fulton St,,30,,,360023,100061032,14.53,14.59,45205528,109,0023,,14,Combined Total,Y,,2019,F,40221,2947,1580,1382,473,2010,40278,7,54,2007,44151,2004,38441,2001,36844,,,,,,,,,,,,,,2019,,,,,,,,13.07251072,59.18663025,0,1855,5,Estimated,,,,,2729,3123,3243
44693876,,3,,,100309,4,30,West Buffalo St,West Seneca St,2014028,,,Y,N Fulton St,,30,,,360023,100309042,12.65,12.71,45205528,109,0023,,14,Combined Total,Y,,2019,F,40221,2947,1580,1382,473,2010,40278,7,54,2007,44151,2004,38441,2001,36844,,,,,,,,,,,,,,2019,,,,,,,,13.07251072,59.18663025,0,1855,5,Estimated,,,,,2729,3123,3243
44693877,,3,,,100760,2,30,West Buffalo St,West Seneca St,2014028,,,Y,N Fulton St,,30,,,360023,100760022,12.65,12.71,45205528,109,0023,,14,Combined Total,Y,,2019,F,40221,2947,1580,1382,473,2010,40278,7,54,2007,44151,2004,38441,2001,36844,,,,,,,,,,,,,,2019,,,,,,,,13.07251072,59.18663025,0,1855,5,Estimated,,,,,2729,3123,3243
44694134, , ,1, ,138890,1,30,N FULTON ST,N MEADOW ST, , , , ,W COURT ST, ,30, ,,364010,138890011,0,0.11,45294564,109,4010,,16,Combined Total,Y,,2019,F,1477,160,131,52,9,2017,1485,11,82,2009,1701,,,,,,,,,,,,,,,,,,2019,,,,,,,,13.07251072,59.18663025,0,61,4,Estimated,,,,,77,108,120
44694811,96B,3,1, ,100759,2,30,CR 179/WEST KING RD,CITY OF ITHACA, , , , , , ,50, ,,360001,100759021,8.5,10.13,45218634,109,0001,,16,Combined Total,Y,,2019,A,7870,712,539,290,46,2019,7870,9,76,2014,12305,2011,7943,2006,8618,2006,,4,4,1,,,,,,,0,0,2019,,,,,,,,13.07251072,59.18663025,0,336,4,Actual,,,,,508,541,659
44699072, , ,1, ,138870,1,30,E GREEN ST,W STATE ST, , , , ,S CAYUGA ST, ,30,Y,,364006,138870011,0.44,0.55,45323382,093,3905,,16,Combined Total,Y,Y,2019,F,7901,669,669,230,4,2018,7922,8,100,2015,5482,2009,8491,,,2015,11,3,3,0,1,88,8,1,1,1,0,0,2019,2015,30,14,11,18,0,0,13.07251072,59.18663025,0,234,3,Estimated,,,,,290,416,495
44700567, , ,1, ,300483,1,30,S MEADOW ST,S FULTON ST, , , , ,W STATE ST, ,0, ,,364033,300483011,0.48,0.59,45267049,109,4033,,16,Combined Total,Y,,2019,F,8588,724,570,313,17,2016,8656,8,79,2010,8630,,,,,2016,16,4,4,0,1,84,12,1,2,1,0,0,2019,2016,30,18,22,27,0,0,13.07251072,59.18663025,0,330,4,Actual,,,,,428,540,595
44704525, , ,1, ,300483,1,30,S ALBANY ST,S MEADOW ST, , , , ,W STATE ST, ,30, ,,364034,300483011,0.14,0.48,45267052,109,4034,,17,Combined Total,Y,,2019,F,3141,296,158,106,14,2016,3167,9,53,2010,3642,,,,,,,,,,,,,,,,,,2019,,,,,,,,13.07251072,59.18663025,0,120,4,Estimated,,,,,123,218,199
44704603,13,3,1, ,100309,4,30,NY 96B,NY 79/W GREEN ST EB,2015016, , ,Y,S Meadow St, ,30,,,360003,100309041,12.38,12.49,45218637,109,0003,,14,Combined Total,Y,Y,2019,F,35829,2813,1609,929,533,2014,35857,8,57,2011,32003,2007,36932,2004,29770,2014,4,4,3,1,0,96,0,0,3,1,0,0,2019,,,,,,,,13.07251072,59.18663025,0,1462,4,Actual,,,,,2177,2795,2791
44704604,13,3,1, ,100760,2,30,NY 96B,NY 79/W GREEN ST EB,2015016, , ,Y,S Meadow St, ,30,,,360003,100760021,12.38,12.49,45218637,109,0003,,14,Combined Total,Y,Y,2019,F,35829,2813,1609,929,533,2014,35857,8,57,2011,32003,2007,36932,2004,29770,2014,4,4,3,1,0,96,0,0,3,1,0,0,2019,,,,,,,,13.07251072,59.18663025,0,1462,4,Actual,,,,,2177,2795,2791
44704605,13,3,1, ,100061,3,30,NY 96B,NY 79/W GREEN ST EB,2015016, , ,Y,S Meadow St, ,30,,,360003,100061031,14.35,14.46,45218637,109,0003,,14,Combined Total,Y,Y,2019,F,35829,2813,1609,929,533,2014,35857,8,57,2011,32003,2007,36932,2004,29770,2014,4,4,3,1,0,96,0,0,3,1,0,0,2019,,,,,,,,13.07251072,59.18663025,0,1462,4,Actual,,,,,2177,2795,2791
44704606,,,1,,277620,1,30,NY 79/W Green St EB,NY 96B,2015016,,,y,S Fulton St,,30,,,360003,277620012,0.59,0.73,45218637,109,0003,,14,Combined Total,Y,Y,2019,F,35829,2813,1609,929,533,2014,35857,8,57,2011,32003,2007,36932,2004,29770,2014,4,4,3,1,0,96,0,0,3,1,0,0,2019,,,,,,,,13.07251072,59.18663025,0,1462,4,Actual,,,,,2177,2795,2791
44704607,13,3,1,,100061,3,30,NY 79/W Green St EB,NY 96B,2015016,,,y,S Fulton St,,30,,,360003,100061032,14.26,14.4,45218637,109,0003,,14,Combined Total,Y,Y,2019,F,35829,2813,1609,929,533,2014,35857,8,57,2011,32003,2007,36932,2004,29770,2014,4,4,3,1,0,96,0,0,3,1,0,0,2019,,,,,,,,13.07251072,59.18663025,0,1462,4,Actual,,,,,2177,2795,2791
44704608,34,3,1,,100309,4,30,NY 79/W Green St EB,NY 96B,2015016,,,y,S Fulton St,,30,,,360003,100309042,12.38,12.53,45218637,109,0003,,14,Combined Total,Y,Y,2019,F,35829,2813,1609,929,533,2014,35857,8,57,2011,32003,2007,36932,2004,29770,2014,4,4,3,1,0,96,0,0,3,1,0,0,2019,,,,,,,,13.07251072,59.18663025,0,1462,4,Actual,,,,,2177,2795,2791
44704609,96,3,1,,100760,2,30,NY 79/W Green St EB,NY 96B,2015016,,,y,S Fulton St,,30,,,360003,100760022,12.38,12.53,45218637,109,0003,,14,Combined Total,Y,Y,2019,F,35829,2813,1609,929,533,2014,35857,8,57,2011,32003,2007,36932,2004,29770,2014,4,4,3,1,0,96,0,0,3,1,0,0,2019,,,,,,,,13.07251072,59.18663025,0,1462,4,Actual,,,,,2177,2795,2791
44704757,34,3,1, ,100309,4,30,END NY 13/NY 34/NY 96 OLAP/N,THIRD ST,2000701, , ,Y,N Meadow St, ,30, ,,360029,100309041,12.68,13.21,45323262,109,0029,3681,14,Combined Total,Y,,2019,A,31006,2689,1374,1377,345,2019,31006,9,51,2018,31926,2016,34992,2015,32040,2016,20,6,4,1,1,79,15,1,4,1,0,0,2019,2016,30,25,29,35,0,0,13.07251072,59.18663025,0,1722,6,Actual,,,,,1701,2008,2276
44704758,13,3,1, ,100061,3,30,END NY 13/NY 34/NY 96 OLAP/N,THIRD ST,2000701, , ,Y,N Meadow St, ,30, ,,360029,100061031,14.65,15.18,45323262,109,0029,3681,14,Combined Total,Y,,2019,A,31006,2689,1374,1377,345,2019,31006,9,51,2018,31926,2016,34992,2015,32040,2016,20,6,4,1,1,79,15,1,4,1,0,0,2019,2016,30,25,29,35,0,0,13.07251072,59.18663025,0,1722,6,Actual,,,,,1701,2008,2276
44704759,34,3,1,,100309,4,30,Third St,END NY 13/NY 34/NY 96 OLAP/N,2000701,,,Y,N Fulton St,,30,,,360029,100309042,12.71,13.29,45323262,109,0029,3681,14,Combined Total,Y,,2019,A,31006,2689,1374,1377,345,2019,31006,9,51,2018,31926,2016,34992,2015,32040,2016,20,6,4,1,1,79,15,1,4,1,0,0,2019,2016,30,25,29,35,0,0,13.07251072,59.18663025,0,1722,6,Actual,,,,,1701,2008,2276
44704760,13,3,1,,100061,3,30,Third St,END NY 13/NY 34/NY 96 OLAP/N,2000701,,,Y,N Fulton St,,30,,,360029,100061032,14.59,15.17,45323262,109,0029,3681,14,Combined Total,Y,,2019,A,31006,2689,1374,1377,345,2019,31006,9,51,2018,31926,2016,34992,2015,32040,2016,20,6,4,1,1,79,15,1,4,1,0,0,2019,2016,30,25,29,35,0,0,13.07251072,59.18663025,0,1722,6,Actual,,,,,1701,2008,2276
44704761,,,1,,277620,1,30,Third St,END NY 13/NY 34/NY 96 OLAP/N,2000701,,,Y,N Fulton St,,30,,,360029,277620011,0,0.4,45323262,109,0029,3681,14,Combined Total,Y,,2019,A,31006,2689,1374,1377,345,2019,31006,9,51,2018,31926,2016,34992,2015,32040,2016,20,6,4,1,1,79,15,1,4,1,0,0,2019,2016,30,25,29,35,0,0,13.07251072,59.18663025,0,1722,6,Actual,,,,,1701,2008,2276
44705823, , ,1, ,138870,1,30,W STATE ST,CASCADILLA ST S, , , , ,N CAYUGA ST, ,30, ,,364007,138870011,0.55,0.85,45294558,109,4007,,16,Combined Total,Y,,2019,F,6261,576,423,332,20,2017,6294,9,73,2009,6185,,,,,2009,,6,5,0,,,,,,,0,0,2019,,,,,,,,13.07251072,59.18663025,0,352,6,Actual,,,,,345,365,414
44708515, , ,1, ,138861,1,30,N CAYUGA ST,AURORA ST, , , , ,BUFFALO ST, ,30, ,,364004,138861011,0.48,0.64,45294555,063,4144,,16,Combined Total,Y,,2019,A,3717,337,183,130,22,2017,3737,9,54,2009,7034,,,,,,,,,,,,,,,,,,2019,,,,,,,,13.07251072,59.18663025,0,152,4,Actual,,,,,358,371,499
44710886, , ,1, ,138848,1,30,PARK ST,S TITUS AVE, , , , ,ALBANY ST, ,30, ,,368613,138848011,0,0.16,45267352,109,8613,,16,Combined Total,Y,,2019,A,3239,323,216,75,1,2019,3239,10,67,2016,3287,2010,3297,,,2019,12,2,2,0,1,87,10,0,2,1,0,0,2019,2019,30,23,25,29,0,0,13.07251072,59.18663025,0,76,2,Actual,,,,,280,243,349
44716597,89,3,1, ,100499,1,40,RTS 13/34 START 89/96 OLAP,RTS 13 34 N FULTON ST, , , , , , ,30, ,,360044,100499011,0,0.1,45294503,109,0044,,16,Combined Total,Y,,2019,F,12475,1076,559,357,240,2017,12541,9,52,2010,12286,2006,12263,2003,9500,2006,,5,3,2,,,,,,,0,0,2019,,,,,,,,11.33219433,58.65974808,0,597,5,Actual,,,,,676,779,896
44716598,89,3,1, ,100499,1,40,RTS 13/34 START 89/96 OLAP,RTS 13 34 N FULTON ST, , , , , , ,30, ,,360044,100760021,12.68,12.78,45294503,109,0044,,16,Combined Total,Y,,2019,F,12475,1076,559,357,240,2017,12541,9,52,2010,12286,2006,12263,2003,9500,2006,,5,3,2,,,,,,,0,0,2019,,,,,,,,11.33219433,58.65974808,0,597,5,Actual,,,,,676,779,896
44721763, , ,1, ,138861,1,30,N PLAIN ST,N ALBANY ST, , , , ,BUFFALO ST, ,30, ,,364003,138861011,0.23,0.34,45294552,109,4003,,16,Combined Total,Y,,2019,F,3917,398,236,64,29,2017,3938,10,59,2009,4835,,,,,2009,,2,2,1,,,,,,,0,0,2019,,,,,,,,13.07251072,59.18663025,0,93,2,Actual,,,,,324,287,351
44722531, , ,1, ,138925,1,30,N MEADOW ST,AUBURN ST,2003865,2210490, , ,HANCOCK ST, ,30, ,,366020,138925011,0,0.46,45323395,109,6020,,17,Combined Total,Y,,2019,F,2204,311,193,94,2,2018,2210,14,62,2014,2573,2011,1933,2008,2855,2014,15,4,4,0,2,83,11,1,3,1,0,0,2019,2014,30,20,22,28,0,0,13.07251072,59.18663025,0,96,4,Actual,,,,,109,147,169
